{
  "t2m": 36364527056.99805,
  "skt": 12726640058.0,
  "ws10m": 55620305590.69531,
  "wd10m": 47040093333.28516,
  "dswrf": 154729922995.39844,
  "dlwrf": 114020749750.08301,
  "uswrf": 205431274374.0,
  "ulwrf": 10610679423.599121,
  "tp": 7398430976.0,
  "sp": 12606988591.296875,
  "rh": 646022813320.4248,
  "solar_zenith": 3937928647912.672,
  "solar_azimuth": 604253284977.7886,
  "ksi": 597056974656.0,
  "hour_sin": 894108843592.9282,
  "hour_cos": 246643753806.5996,
  "month_sin": 8742660098.59961,
  "month_cos": 509763612.30078125,
  "day_of_year_sin": 110573957463.0,
  "day_of_year_cos": 175116427255.72693,
  "day_of_week_sin": 14643422499.99414,
  "day_of_week_cos": 6997156522.699219,
  "generation_lag_24": 1045220762610.0,
  "generation_lag_168": 318564035351.0,
  "generation_24h_ago_rolling_mean_3h": 34800095184.06592,
  "generation_24h_ago_rolling_std_3h": 24559998050.229004,
  "generation_24h_ago_rolling_max_3h": 22375105776.06006,
  "dswrf_rolling_avg_3h": 39931686214.09766,
  "dswrf_rolling_std_3h": 200532952210.62183,
  "temp_drop": 28333664033.538086,
  "heat_index": 62183280585.609375,
  "ws10m_rolling_std_6h": 43818821063.037476,
  "zenith_x_ksi": 96602312429.25977,
  "temp_x_dswrf": 28090825550.0
}